;nimi1;nimi2;nimi3;nimi4;nimi5;nimi6;nimi7;nimi8;nimi9;nimi10;nimi11;nimi12;nimi13;nimi14;nimi15;nimi16;nimi17;nimi18;nimi19;nimi20;nimi21
nimi1;1.01;2.01;3.01;4.01;5.01;6.01;7.01;8.01;9.01;10.01;11.01;12.01;13.01;14.01;15.01;16.01;17.01;18.01;19.01;20.01;21.01
nimi2;2.01;3.01;4.01;5.01;6.01;7.01;8.01;9.01;10.01;11.01;12.01;13.01;14.01;15.01;16.01;17.01;18.01;19.01;20.01;21.01;22.01
nimi3;3.01;4.01;5.01;6.01;7.01;8.01;9.01;10.01;11.01;12.01;13.01;14.01;15.01;16.01;17.01;18.01;19.01;20.01;21.01;22.01;23.01
nimi4;4.01;5.01;6.01;7.01;8.01;9.01;10.01;11.01;12.01;13.01;14.01;15.01;16.01;17.01;18.01;19.01;20.01;21.01;22.01;23.01;24.01
nimi5;5.01;6.01;7.01;8.01;9.01;10.01;11.01;12.01;13.01;14.01;15.01;16.01;17.01;18.01;19.01;20.01;21.01;22.01;23.01;24.01;25.01
nimi6;6.01;7.01;8.01;9.01;10.01;11.01;12.01;13.01;14.01;15.01;16.01;17.01;18.01;19.01;20.01;21.01;22.01;23.01;24.01;25.01;26.01
nimi7;7.01;8.01;9.01;10.01;11.01;12.01;13.01;14.01;15.01;16.01;17.01;18.01;19.01;20.01;21.01;22.01;23.01;24.01;25.01;26.01;27.01
nimi8;8.01;9.01;10.01;11.01;12.01;13.01;14.01;15.01;16.01;17.01;18.01;19.01;20.01;21.01;22.01;23.01;24.01;25.01;26.01;27.01;28.01
nimi9;9.01;10.01;11.01;12.01;13.01;14.01;15.01;16.01;17.01;18.01;19.01;20.01;21.01;22.01;23.01;24.01;25.01;26.01;27.01;28.01;29.01
nimi10;10.01;11.01;12.01;13.01;14.01;15.01;16.01;17.01;18.01;19.01;20.01;21.01;22.01;23.01;24.01;25.01;26.01;27.01;28.01;29.01;30.01
nimi11;11.01;12.01;13.01;14.01;15.01;16.01;17.01;18.01;19.01;20.01;21.01;22.01;23.01;24.01;25.01;26.01;27.01;28.01;29.01;30.01;31.01
nimi12;12.01;13.01;14.01;15.01;16.01;17.01;18.01;19.01;20.01;21.01;22.01;23.01;24.01;25.01;26.01;27.01;28.01;29.01;30.01;31.01;32.01
nimi13;13.01;14.01;15.01;16.01;17.01;18.01;19.01;20.01;21.01;22.01;23.01;24.01;25.01;26.01;27.01;28.01;29.01;30.01;31.01;32.01;33.01
nimi14;14.01;15.01;16.01;17.01;18.01;19.01;20.01;21.01;22.01;23.01;24.01;25.01;26.01;27.01;28.01;29.01;30.01;31.01;32.01;33.01;34.01
nimi15;15.01;16.01;17.01;18.01;19.01;20.01;21.01;22.01;23.01;24.01;25.01;26.01;27.01;28.01;29.01;30.01;31.01;32.01;33.01;34.01;35.01
nimi16;16.01;17.01;18.01;19.01;20.01;21.01;22.01;23.01;24.01;25.01;26.01;27.01;28.01;29.01;30.01;31.01;32.01;33.01;34.01;35.01;36.01
nimi17;17.01;18.01;19.01;20.01;21.01;22.01;23.01;24.01;25.01;26.01;27.01;28.01;29.01;30.01;31.01;32.01;33.01;34.01;35.01;36.01;37.01
nimi18;18.01;19.01;20.01;21.01;22.01;23.01;24.01;25.01;26.01;27.01;28.01;29.01;30.01;31.01;32.01;33.01;34.01;35.01;36.01;37.01;38.01
nimi19;19.01;20.01;21.01;22.01;23.01;24.01;25.01;26.01;27.01;28.01;29.01;30.01;31.01;32.01;33.01;34.01;35.01;36.01;37.01;38.01;39.01
nimi20;20.01;21.01;22.01;23.01;24.01;25.01;26.01;27.01;28.01;29.01;30.01;31.01;32.01;33.01;34.01;35.01;36.01;37.01;38.01;39.01;40.01
nimi21;21.01;22.01;23.01;24.01;25.01;26.01;27.01;28.01;29.01;30.01;31.01;32.01;33.01;34.01;35.01;36.01;37.01;38.01;39.01;40.01;41.01
nimi22;22.01;23.01;24.01;25.01;26.01;27.01;28.01;29.01;30.01;31.01;32.01;33.01;34.01;35.01;36.01;37.01;38.01;39.01;40.01;41.01;42.01
nimi23;23.01;24.01;25.01;26.01;27.01;28.01;29.01;30.01;31.01;32.01;33.01;34.01;35.01;36.01;37.01;38.01;39.01;40.01;41.01;42.01;43.01
nimi24;24.01;25.01;26.01;27.01;28.01;29.01;30.01;31.01;32.01;33.01;34.01;35.01;36.01;37.01;38.01;39.01;40.01;41.01;42.01;43.01;44.01
nimi25;25.01;26.01;27.01;28.01;29.01;30.01;31.01;32.01;33.01;34.01;35.01;36.01;37.01;38.01;39.01;40.01;41.01;42.01;43.01;44.01;45.01
nimi26;26.01;27.01;28.01;29.01;30.01;31.01;32.01;33.01;34.01;35.01;36.01;37.01;38.01;39.01;40.01;41.01;42.01;43.01;44.01;45.01;46.01
nimi27;27.01;28.01;29.01;30.01;31.01;32.01;33.01;34.01;35.01;36.01;37.01;38.01;39.01;40.01;41.01;42.01;43.01;44.01;45.01;46.01;47.01
nimi28;28.01;29.01;30.01;31.01;32.01;33.01;34.01;35.01;36.01;37.01;38.01;39.01;40.01;41.01;42.01;43.01;44.01;45.01;46.01;47.01;48.01
nimi29;29.01;30.01;31.01;32.01;33.01;34.01;35.01;36.01;37.01;38.01;39.01;40.01;41.01;42.01;43.01;44.01;45.01;46.01;47.01;48.01;49.01
nimi30;30.01;31.01;32.01;33.01;34.01;35.01;36.01;37.01;38.01;39.01;40.01;41.01;42.01;43.01;44.01;45.01;46.01;47.01;48.01;49.01;50.01
nimi31;31.01;32.01;33.01;34.01;35.01;36.01;37.01;38.01;39.01;40.01;41.01;42.01;43.01;44.01;45.01;46.01;47.01;48.01;49.01;50.01;51.01
nimi32;32.01;33.01;34.01;35.01;36.01;37.01;38.01;39.01;40.01;41.01;42.01;43.01;44.01;45.01;46.01;47.01;48.01;49.01;50.01;51.01;52.01
nimi33;33.01;34.01;35.01;36.01;37.01;38.01;39.01;40.01;41.01;42.01;43.01;44.01;45.01;46.01;47.01;48.01;49.01;50.01;51.01;52.01;53.01
nimi34;34.01;35.01;36.01;37.01;38.01;39.01;40.01;41.01;42.01;43.01;44.01;45.01;46.01;47.01;48.01;49.01;50.01;51.01;52.01;53.01;54.01
nimi35;35.01;36.01;37.01;38.01;39.01;40.01;41.01;42.01;43.01;44.01;45.01;46.01;47.01;48.01;49.01;50.01;51.01;52.01;53.01;54.01;55.01
nimi36;36.01;37.01;38.01;39.01;40.01;41.01;42.01;43.01;44.01;45.01;46.01;47.01;48.01;49.01;50.01;51.01;52.01;53.01;54.01;55.01;56.01
nimi37;37.01;38.01;39.01;40.01;41.01;42.01;43.01;44.01;45.01;46.01;47.01;48.01;49.01;50.01;51.01;52.01;53.01;54.01;55.01;56.01;57.01
nimi38;38.01;39.01;40.01;41.01;42.01;43.01;44.01;45.01;46.01;47.01;48.01;49.01;50.01;51.01;52.01;53.01;54.01;55.01;56.01;57.01;58.01
nimi39;39.01;40.01;41.01;42.01;43.01;44.01;45.01;46.01;47.01;48.01;49.01;50.01;51.01;52.01;53.01;54.01;55.01;56.01;57.01;58.01;59.01
nimi40;40.01;41.01;42.01;43.01;44.01;45.01;46.01;47.01;48.01;49.01;50.01;51.01;52.01;53.01;54.01;55.01;56.01;57.01;58.01;59.01;60.01
nimi41;41.01;42.01;43.01;44.01;45.01;46.01;47.01;48.01;49.01;50.01;51.01;52.01;53.01;54.01;55.01;56.01;57.01;58.01;59.01;60.01;61.01
nimi42;42.01;43.01;44.01;45.01;46.01;47.01;48.01;49.01;50.01;51.01;52.01;53.01;54.01;55.01;56.01;57.01;58.01;59.01;60.01;61.01;62.01
nimi43;43.01;44.01;45.01;46.01;47.01;48.01;49.01;50.01;51.01;52.01;53.01;54.01;55.01;56.01;57.01;58.01;59.01;60.01;61.01;62.01;63.01
nimi44;44.01;45.01;46.01;47.01;48.01;49.01;50.01;51.01;52.01;53.01;54.01;55.01;56.01;57.01;58.01;59.01;60.01;61.01;62.01;63.01;64.01
nimi45;45.01;46.01;47.01;48.01;49.01;50.01;51.01;52.01;53.01;54.01;55.01;56.01;57.01;58.01;59.01;60.01;61.01;62.01;63.01;64.01;65.01
nimi46;46.01;47.01;48.01;49.01;50.01;51.01;52.01;53.01;54.01;55.01;56.01;57.01;58.01;59.01;60.01;61.01;62.01;63.01;64.01;65.01;66.01
nimi47;47.01;48.01;49.01;50.01;51.01;52.01;53.01;54.01;55.01;56.01;57.01;58.01;59.01;60.01;61.01;62.01;63.01;64.01;65.01;66.01;67.01
nimi48;48.01;49.01;50.01;51.01;52.01;53.01;54.01;55.01;56.01;57.01;58.01;59.01;60.01;61.01;62.01;63.01;64.01;65.01;66.01;67.01;68.01
nimi49;49.01;50.01;51.01;52.01;53.01;54.01;55.01;56.01;57.01;58.01;59.01;60.01;61.01;62.01;63.01;64.01;65.01;66.01;67.01;68.01;69.01
nimi50;50.01;51.01;52.01;53.01;54.01;55.01;56.01;57.01;58.01;59.01;60.01;61.01;62.01;63.01;64.01;65.01;66.01;67.01;68.01;69.01;70.01
nimi51;51.01;52.01;53.01;54.01;55.01;56.01;57.01;58.01;59.01;60.01;61.01;62.01;63.01;64.01;65.01;66.01;67.01;68.01;69.01;70.01;71.01
nimi52;52.01;53.01;54.01;55.01;56.01;57.01;58.01;59.01;60.01;61.01;62.01;63.01;64.01;65.01;66.01;67.01;68.01;69.01;70.01;71.01;72.01
nimi53;53.01;54.01;55.01;56.01;57.01;58.01;59.01;60.01;61.01;62.01;63.01;64.01;65.01;66.01;67.01;68.01;69.01;70.01;71.01;72.01;73.01
nimi54;54.01;55.01;56.01;57.01;58.01;59.01;60.01;61.01;62.01;63.01;64.01;65.01;66.01;67.01;68.01;69.01;70.01;71.01;72.01;73.01;74.01
nimi55;55.01;56.01;57.01;58.01;59.01;60.01;61.01;62.01;63.01;64.01;65.01;66.01;67.01;68.01;69.01;70.01;71.01;72.01;73.01;74.01;75.01
nimi56;56.01;57.01;58.01;59.01;60.01;61.01;62.01;63.01;64.01;65.01;66.01;67.01;68.01;69.01;70.01;71.01;72.01;73.01;74.01;75.01;76.01
nimi57;57.01;58.01;59.01;60.01;61.01;62.01;63.01;64.01;65.01;66.01;67.01;68.01;69.01;70.01;71.01;72.01;73.01;74.01;75.01;76.01;77.01
nimi58;58.01;59.01;60.01;61.01;62.01;63.01;64.01;65.01;66.01;67.01;68.01;69.01;70.01;71.01;72.01;73.01;74.01;75.01;76.01;77.01;78.01
nimi59;59.01;60.01;61.01;62.01;63.01;64.01;65.01;66.01;67.01;68.01;69.01;70.01;71.01;72.01;73.01;74.01;75.01;76.01;77.01;78.01;79.01
nimi60;60.01;61.01;62.01;63.01;64.01;65.01;66.01;67.01;68.01;69.01;70.01;71.01;72.01;73.01;74.01;75.01;76.01;77.01;78.01;79.01;80.01
nimi61;61.01;62.01;63.01;64.01;65.01;66.01;67.01;68.01;69.01;70.01;71.01;72.01;73.01;74.01;75.01;76.01;77.01;78.01;79.01;80.01;81.01
nimi62;62.01;63.01;64.01;65.01;66.01;67.01;68.01;69.01;70.01;71.01;72.01;73.01;74.01;75.01;76.01;77.01;78.01;79.01;80.01;81.01;82.01
nimi63;63.01;64.01;65.01;66.01;67.01;68.01;69.01;70.01;71.01;72.01;73.01;74.01;75.01;76.01;77.01;78.01;79.01;80.01;81.01;82.01;83.01
nimi64;64.01;65.01;66.01;67.01;68.01;69.01;70.01;71.01;72.01;73.01;74.01;75.01;76.01;77.01;78.01;79.01;80.01;81.01;82.01;83.01;84.01
nimi65;65.01;66.01;67.01;68.01;69.01;70.01;71.01;72.01;73.01;74.01;75.01;76.01;77.01;78.01;79.01;80.01;81.01;82.01;83.01;84.01;85.01
nimi66;66.01;67.01;68.01;69.01;70.01;71.01;72.01;73.01;74.01;75.01;76.01;77.01;78.01;79.01;80.01;81.01;82.01;83.01;84.01;85.01;86.01
nimi67;67.01;68.01;69.01;70.01;71.01;72.01;73.01;74.01;75.01;76.01;77.01;78.01;79.01;80.01;81.01;82.01;83.01;84.01;85.01;86.01;87.01
nimi68;68.01;69.01;70.01;71.01;72.01;73.01;74.01;75.01;76.01;77.01;78.01;79.01;80.01;81.01;82.01;83.01;84.01;85.01;86.01;87.01;88.01
nimi69;69.01;70.01;71.01;72.01;73.01;74.01;75.01;76.01;77.01;78.01;79.01;80.01;81.01;82.01;83.01;84.01;85.01;86.01;87.01;88.01;89.01
nimi70;70.01;71.01;72.01;73.01;74.01;75.01;76.01;77.01;78.01;79.01;80.01;81.01;82.01;83.01;84.01;85.01;86.01;87.01;88.01;89.01;90.01
nimi71;71.01;72.01;73.01;74.01;75.01;76.01;77.01;78.01;79.01;80.01;81.01;82.01;83.01;84.01;85.01;86.01;87.01;88.01;89.01;90.01;91.01
nimi72;72.01;73.01;74.01;75.01;76.01;77.01;78.01;79.01;80.01;81.01;82.01;83.01;84.01;85.01;86.01;87.01;88.01;89.01;90.01;91.01;92.01
nimi73;73.01;74.01;75.01;76.01;77.01;78.01;79.01;80.01;81.01;82.01;83.01;84.01;85.01;86.01;87.01;88.01;89.01;90.01;91.01;92.01;93.01
nimi74;74.01;75.01;76.01;77.01;78.01;79.01;80.01;81.01;82.01;83.01;84.01;85.01;86.01;87.01;88.01;89.01;90.01;91.01;92.01;93.01;94.01
nimi75;75.01;76.01;77.01;78.01;79.01;80.01;81.01;82.01;83.01;84.01;85.01;86.01;87.01;88.01;89.01;90.01;91.01;92.01;93.01;94.01;95.01
nimi76;76.01;77.01;78.01;79.01;80.01;81.01;82.01;83.01;84.01;85.01;86.01;87.01;88.01;89.01;90.01;91.01;92.01;93.01;94.01;95.01;96.01
nimi77;77.01;78.01;79.01;80.01;81.01;82.01;83.01;84.01;85.01;86.01;87.01;88.01;89.01;90.01;91.01;92.01;93.01;94.01;95.01;96.01;97.01
nimi78;78.01;79.01;80.01;81.01;82.01;83.01;84.01;85.01;86.01;87.01;88.01;89.01;90.01;91.01;92.01;93.01;94.01;95.01;96.01;97.01;98.01
nimi79;79.01;80.01;81.01;82.01;83.01;84.01;85.01;86.01;87.01;88.01;89.01;90.01;91.01;92.01;93.01;94.01;95.01;96.01;97.01;98.01;99.01
nimi80;80.01;81.01;82.01;83.01;84.01;85.01;86.01;87.01;88.01;89.01;90.01;91.01;92.01;93.01;94.01;95.01;96.01;97.01;98.01;99.01;100.01
nimi81;81.01;82.01;83.01;84.01;85.01;86.01;87.01;88.01;89.01;90.01;91.01;92.01;93.01;94.01;95.01;96.01;97.01;98.01;99.01;100.01;101.01
nimi82;82.01;83.01;84.01;85.01;86.01;87.01;88.01;89.01;90.01;91.01;92.01;93.01;94.01;95.01;96.01;97.01;98.01;99.01;100.01;101.01;102.01
nimi83;83.01;84.01;85.01;86.01;87.01;88.01;89.01;90.01;91.01;92.01;93.01;94.01;95.01;96.01;97.01;98.01;99.01;100.01;101.01;102.01;103.01
nimi84;84.01;85.01;86.01;87.01;88.01;89.01;90.01;91.01;92.01;93.01;94.01;95.01;96.01;97.01;98.01;99.01;100.01;101.01;102.01;103.01;104.01
nimi85;85.01;86.01;87.01;88.01;89.01;90.01;91.01;92.01;93.01;94.01;95.01;96.01;97.01;98.01;99.01;100.01;101.01;102.01;103.01;104.01;105.01
nimi86;86.01;87.01;88.01;89.01;90.01;91.01;92.01;93.01;94.01;95.01;96.01;97.01;98.01;99.01;100.01;101.01;102.01;103.01;104.01;105.01;106.01
nimi87;87.01;88.01;89.01;90.01;91.01;92.01;93.01;94.01;95.01;96.01;97.01;98.01;99.01;100.01;101.01;102.01;103.01;104.01;105.01;106.01;107.01
nimi88;88.01;89.01;90.01;91.01;92.01;93.01;94.01;95.01;96.01;97.01;98.01;99.01;100.01;101.01;102.01;103.01;104.01;105.01;106.01;107.01;108.01
nimi89;89.01;90.01;91.01;92.01;93.01;94.01;95.01;96.01;97.01;98.01;99.01;100.01;101.01;102.01;103.01;104.01;105.01;106.01;107.01;108.01;109.01
nimi90;90.01;91.01;92.01;93.01;94.01;95.01;96.01;97.01;98.01;99.01;100.01;101.01;102.01;103.01;104.01;105.01;106.01;107.01;108.01;109.01;110.01
nimi91;91.01;92.01;93.01;94.01;95.01;96.01;97.01;98.01;99.01;100.01;101.01;102.01;103.01;104.01;105.01;106.01;107.01;108.01;109.01;110.01;111.01
nimi92;92.01;93.01;94.01;95.01;96.01;97.01;98.01;99.01;100.01;101.01;102.01;103.01;104.01;105.01;106.01;107.01;108.01;109.01;110.01;111.01;112.01
nimi93;93.01;94.01;95.01;96.01;97.01;98.01;99.01;100.01;101.01;102.01;103.01;104.01;105.01;106.01;107.01;108.01;109.01;110.01;111.01;112.01;113.01
nimi94;94.01;95.01;96.01;97.01;98.01;99.01;100.01;101.01;102.01;103.01;104.01;105.01;106.01;107.01;108.01;109.01;110.01;111.01;112.01;113.01;114.01
nimi95;95.01;96.01;97.01;98.01;99.01;100.01;101.01;102.01;103.01;104.01;105.01;106.01;107.01;108.01;109.01;110.01;111.01;112.01;113.01;114.01;115.01
nimi96;96.01;97.01;98.01;99.01;100.01;101.01;102.01;103.01;104.01;105.01;106.01;107.01;108.01;109.01;110.01;111.01;112.01;113.01;114.01;115.01;116.01
nimi97;97.01;98.01;99.01;100.01;101.01;102.01;103.01;104.01;105.01;106.01;107.01;108.01;109.01;110.01;111.01;112.01;113.01;114.01;115.01;116.01;117.01
nimi98;98.01;99.01;100.01;101.01;102.01;103.01;104.01;105.01;106.01;107.01;108.01;109.01;110.01;111.01;112.01;113.01;114.01;115.01;116.01;117.01;118.01
nimi99;99.01;100.01;101.01;102.01;103.01;104.01;105.01;106.01;107.01;108.01;109.01;110.01;111.01;112.01;113.01;114.01;115.01;116.01;117.01;118.01;119.01
nimi100;100.01;101.01;102.01;103.01;104.01;105.01;106.01;107.01;108.01;109.01;110.01;111.01;112.01;113.01;114.01;115.01;116.01;117.01;118.01;119.01;120.01
